cuisine_count,promotions,rating,delivery_cost,radius,delivery_time
5,yes promo,3.8,5.7,5000,43.0
5,yes promo,4.2,5.7,3000,42.0
5,yes promo,4.4,5.6,5000,45.0
3,yes promo,4.1,5.6,5000,41.0
4,yes promo,4.5,5.7,5000,42.0
3,yes promo,4.2,4.09,3000,44.0
4,no promo,4.2,4.7,3000,41.0
2,yes promo,4.2,7.5,5000,41.0
5,yes promo,4.6,5.8,5000,41.0
5,yes promo,4.4,4.09,3000,41.0
2,yes promo,4.8,5.7,5000,44.0
5,yes promo,4.2,7.5,5000,41.0
4,yes promo,4.5,5.6,5000,39.0
2,yes promo,4.3,6.8,5000,41.0
1,yes promo,4.6,7.3,5000,41.0
1,yes promo,4.4,5.5,3000,40.0
4,yes promo,4.1,5.7,5000,41.0
4,yes promo,4.4,6.8,5000,32.0
3,yes promo,4.7,6.1,5000,36.0
4,yes promo,4.4,6.2,5000,42.0
4,yes promo,4.2,7.7,3000,35.0
1,yes promo,3.8,4.09,3000,41.0
4,yes promo,4.5,5.2,3000,42.0
3,yes promo,4.5,5.0,5000,41.0
5,yes promo,4.3,5.1,3000,42.0
4,no promo,4.0,9.6,25000,45.0
3,no promo,4.5,5.1,25000,47.0
2,no promo,4.2,5.2,25000,40.0
4,no promo,4.4,7.1,5000,43.0
5,yes promo,4.3,4.09,3000,40.0
5,yes promo,4.6,7.2,5000,41.0
3,no promo,4.7,24.1,25000,72.0
5,no promo,4.4,23.0,25000,70.0
4,yes promo,4.0,22.1,25000,66.0
4,no promo,4.0,17.7,25000,70.0
4,yes promo,4.3,23.0,25000,68.0
1,yes promo,4.3,23.2,25000,65.0
4,yes promo,4.2,24.9,25000,74.0
4,yes promo,4.4,24.9,25000,73.0
4,yes promo,4.7,23.6,25000,72.0
4,no promo,4.6,24.9,25000,71.0
3,no promo,4.4,21.4,25000,64.0
5,no promo,4.3,24.9,25000,71.0
5,no promo,4.0,24.9,25000,70.0
4,yes promo,4.4,5.8,25000,75.0
3,yes promo,4.1,24.9,25000,54.0
4,no promo,3.8,24.9,25000,74.0
5,yes promo,4.6,24.9,25000,75.0
3,no promo,4.0,24.3,25000,69.0
4,no promo,3.9,24.9,25000,72.0
5,yes promo,4.4,16.5,25000,73.0
4,yes promo,4.0,24.9,25000,73.0
4,no promo,4.9,12.8,25000,64.0
4,yes promo,4.4,24.2,25000,73.0
5,yes promo,3.8,3.3,25000,81.0
5,yes promo,4.5,3.1,25000,85.0
4,no promo,4.4,10.2,25000,67.0
5,no promo,4.6,3.2,25000,113.0
2,yes promo,4.3,17.3,10000,68.0
4,no promo,4.4,17.0,25000,129.0
2,yes promo,4.3,14.6,25000,60.0
4,yes promo,4.5,4.5,5000,30.0
4,no promo,4.4,4.3,25000,58.0
3,yes promo,4.1,6.8,5000,42.0
3,yes promo,4.5,6.5,2500,43.0
5,yes promo,4.5,19.1,25000,69.0
5,yes promo,4.4,4.09,2500,38.0
4,yes promo,4.6,6.4,5000,42.0
3,no promo,4.2,4.5,5000,38.0
3,yes promo,4.1,3.8,5000,52.0
5,yes promo,4.2,6.8,2500,43.0
3,no promo,4.4,11.5,5000,33.0
2,no promo,4.4,6.7,5000,42.0
2,yes promo,4.8,12.7,5000,38.0
4,yes promo,4.5,7.8,5000,47.0
5,yes promo,3.8,6.8,5000,38.0
5,yes promo,4.4,7.7,2500,47.0
4,yes promo,4.3,6.6,5000,44.0
3,yes promo,4.3,8.8,5000,48.0
4,yes promo,4.6,6.3,5000,31.0
5,no promo,4.5,10.3,5000,40.0
2,no promo,4.5,11.2,5000,38.0
5,yes promo,4.1,7.8,3000,37.0
5,yes promo,4.5,15.3,5000,40.0
5,yes promo,4.3,4.7,3000,39.0
5,yes promo,4.4,5.7,5000,38.0
4,yes promo,4.2,4.4,5000,35.0
5,yes promo,4.4,7.2,5000,37.0
2,yes promo,4.4,14.9,5000,42.0
1,yes promo,4.3,5.4,5000,42.0
3,yes promo,4.0,5.4,5000,52.0
3,yes promo,4.4,5.5,3000,40.0
3,yes promo,4.7,18.5,5000,42.0
5,yes promo,4.3,4.09,3000,38.0
4,yes promo,4.2,4.09,3000,40.0
4,yes promo,4.4,5.4,5000,28.0
3,yes promo,4.5,5.4,2800,40.0
2,yes promo,4.4,5.5,5000,38.0
3,yes promo,4.0,3.9,3000,41.0
2,no promo,4.7,4.7,5000,48.0
2,yes promo,4.5,15.3,5000,40.0
2,no promo,4.0,4.0,3000,33.0
2,yes promo,4.5,7.9,5000,46.0
5,yes promo,4.4,6.9,5000,40.0
4,yes promo,4.5,5.4,5000,41.0
4,yes promo,4.2,3.0,3000,24.0
3,yes promo,4.5,3.0,2500,28.0
5,yes promo,4.6,3.0,3000,33.0
2,no promo,4.9,5.0,3000,29.0
4,yes promo,4.4,4.09,3000,40.0
4,yes promo,4.0,5.4,3000,44.0
3,yes promo,4.0,5.4,5000,40.0
4,yes promo,4.0,4.09,3000,39.0
4,yes promo,4.1,4.7,5000,40.0
4,yes promo,3.9,4.5,2500,43.0
2,yes promo,4.7,5.4,5000,39.0
3,yes promo,4.6,3.9,3000,41.0
4,yes promo,4.6,3.3,2800,43.0
4,yes promo,3.8,4.3,5000,35.0
5,yes promo,4.3,5.5,5000,40.0
2,yes promo,4.3,3.0,3000,32.0
5,yes promo,4.3,5.5,3000,25.0
5,no promo,4.3,3.1,25000,34.0
5,yes promo,4.4,3.2,3000,41.0
3,yes promo,4.7,5.7,3000,36.0
3,yes promo,3.9,4.5,2500,41.0
5,yes promo,4.3,4.5,2500,28.0
5,yes promo,4.0,3.3,3000,32.0
4,yes promo,3.8,4.09,2500,39.0
5,yes promo,4.1,3.0,2500,28.0
5,yes promo,4.4,6.1,25000,44.0
4,yes promo,4.4,4.6,5000,29.0
3,yes promo,3.9,4.6,5000,40.0
3,yes promo,4.4,5.9,5000,42.0
1,yes promo,4.0,4.09,2500,48.0
3,yes promo,4.6,4.5,5000,42.0
5,yes promo,4.1,5.5,5000,38.0
4,yes promo,3.4,4.09,2500,40.0
4,no promo,4.0,3.4,3000,36.0
2,yes promo,4.1,3.2,3000,35.0
3,no promo,4.2,3.2,3000,38.0
1,yes promo,3.6,4.5,2500,36.0
4,yes promo,4.1,6.1,2500,47.0
3,yes promo,4.0,3.3,3000,43.0
5,yes promo,4.4,4.8,5000,38.0
3,yes promo,4.3,7.2,5000,43.0
4,yes promo,4.0,4.09,2500,42.0
5,yes promo,4.3,7.8,5000,42.0
4,yes promo,3.9,4.09,2500,42.0
4,yes promo,4.3,4.5,2500,44.0
2,yes promo,4.5,5.7,5000,45.0
4,yes promo,4.3,7.5,5000,42.0
2,yes promo,4.0,8.8,5000,41.0
5,yes promo,2.8,4.09,2500,41.0
1,yes promo,4.4,6.6,5000,40.0
2,yes promo,3.9,5.7,5000,47.0
1,yes promo,4.0,5.8,5000,46.0
4,yes promo,3.8,4.09,2500,37.0
3,yes promo,4.7,16.1,5000,35.0
5,yes promo,4.3,5.6,5000,40.0
4,yes promo,4.3,4.09,2500,45.0
4,yes promo,4.4,6.2,5000,43.0
4,yes promo,4.3,6.3,5000,50.0
4,yes promo,4.7,3.3,25000,43.0
2,yes promo,4.7,5.8,5000,46.0
1,yes promo,3.9,4.09,2500,39.0
4,yes promo,4.2,4.3,5000,40.0
4,no promo,4.4,7.2,2500,41.0
5,yes promo,3.8,4.09,2500,45.0
3,no promo,3.7,5.8,5000,51.0
5,yes promo,3.6,3.0,3000,29.0
3,yes promo,4.1,4.7,5000,40.0
5,yes promo,4.0,4.2,5000,40.0
4,yes promo,4.5,6.1,5000,27.0
3,no promo,4.1,4.4,5000,30.0
5,yes promo,4.4,4.7,3000,49.0
2,yes promo,4.7,6.7,5000,39.0
4,yes promo,4.3,4.5,5000,41.0
3,yes promo,3.7,3.1,3000,34.0
3,yes promo,4.6,4.7,2800,43.0
2,yes promo,4.6,9.2,5000,44.0
5,no promo,4.2,7.1,5000,44.0
2,yes promo,4.0,4.6,5000,44.0
5,yes promo,4.6,6.4,5000,42.0
3,yes promo,4.3,5.7,5000,44.0
3,yes promo,4.3,5.7,5000,46.0
3,yes promo,3.8,5.8,5000,39.0
2,yes promo,4.4,6.8,3000,48.0
4,yes promo,4.6,3.4,3000,45.0
4,yes promo,3.8,3.3,3000,41.0
4,no promo,4.2,3.9,2500,40.0
4,yes promo,4.4,4.5,2500,44.0
3,yes promo,4.0,4.5,2500,49.0
5,no promo,4.4,6.0,3000,48.0
2,yes promo,4.5,6.2,4999,36.0
3,yes promo,4.5,12.0,5000,44.0
5,no promo,4.2,4.09,2500,33.0
2,yes promo,4.7,6.1,5000,40.0
4,yes promo,4.4,3.1,3000,25.0
5,yes promo,4.3,4.2,3000,36.0
3,yes promo,4.5,6.1,3000,40.0
5,yes promo,4.2,3.4,3000,34.0
2,yes promo,4.5,4.2,3000,44.0
2,yes promo,4.4,4.2,3000,40.0
5,yes promo,4.5,3.2,3000,43.0
3,yes promo,4.6,5.3,3000,35.0
5,yes promo,4.0,4.5,2500,46.0
4,yes promo,4.7,3.3,3000,45.0
3,yes promo,4.3,3.4,3000,43.0
3,yes promo,4.3,4.5,2500,42.0
4,yes promo,3.8,4.5,2500,45.0
4,yes promo,4.5,6.2,2800,39.0
2,no promo,4.5,3.4,3000,43.0
3,yes promo,4.3,4.3,2500,39.0
4,yes promo,4.4,3.8,2500,40.0
4,yes promo,4.4,4.5,2500,37.0
4,yes promo,4.4,4.6,5000,24.0
5,yes promo,4.4,4.5,2500,41.0
2,yes promo,4.5,4.4,3000,36.0
4,yes promo,4.0,4.5,2500,48.0
3,yes promo,4.3,3.3,2500,39.0
3,no promo,4.6,12.0,5000,47.0
3,no promo,4.2,3.5,3000,40.0
2,yes promo,4.6,6.1,3000,33.0
2,no promo,4.7,3.3,3000,36.0
5,yes promo,4.0,3.9,25000,39.0
5,yes promo,4.2,4.5,2500,39.0
3,no promo,4.2,7.1,25000,46.0
3,no promo,4.9,3.7,3000,43.0
5,no promo,3.9,4.09,3000,38.0
5,yes promo,4.4,4.5,2500,41.0
4,yes promo,4.6,3.3,3000,40.0
5,yes promo,4.1,3.4,2994,37.0
5,no promo,4.2,5.6,3000,40.0
4,no promo,4.3,4.5,3000,28.0
2,no promo,4.4,3.3,5000,37.0
2,yes promo,4.7,7.1,3000,40.0
4,yes promo,4.2,4.5,2500,41.0
4,no promo,4.2,8.6,3000,53.0
5,yes promo,4.1,3.5,3000,38.0
4,yes promo,4.4,3.4,5000,28.0
4,yes promo,4.5,7.0,3000,48.0
5,yes promo,4.3,4.2,5000,50.0
5,yes promo,4.6,6.5,3000,51.0
4,yes promo,4.3,7.7,2000,41.0
4,no promo,4.4,3.5,3000,43.0
2,yes promo,4.5,8.4,3000,44.0
3,yes promo,4.6,3.5,3000,38.0
2,no promo,4.7,3.5,3000,44.0
2,yes promo,4.5,4.5,2500,39.0
5,no promo,4.3,6.3,3000,37.0
3,yes promo,4.3,6.0,5000,46.0
4,yes promo,4.1,10.5,25000,54.0
5,yes promo,4.0,6.3,3000,46.0
5,yes promo,4.5,9.7,25000,52.0
4,no promo,4.4,3.9,25000,38.0
5,no promo,4.7,3.3,25000,42.0
4,no promo,4.4,3.3,25000,42.0
3,yes promo,4.4,4.3,3000,46.0
5,yes promo,4.3,4.5,2500,52.0
5,yes promo,3.6,8.7,25000,52.0
4,yes promo,4.4,7.6,3000,45.0
5,no promo,4.0,3.4,3000,26.0
2,no promo,4.7,6.5,5000,50.0
4,yes promo,4.4,4.09,2500,52.0
2,yes promo,4.5,6.5,2500,52.0
3,yes promo,4.4,8.3,25000,49.0
2,yes promo,4.4,7.7,5000,59.0
5,yes promo,4.4,7.1,5000,55.0
2,no promo,4.6,7.3,5000,56.0
3,yes promo,4.4,4.09,2500,57.0
2,yes promo,4.6,4.5,2500,53.0
3,yes promo,4.3,5.8,5000,57.0
4,no promo,4.6,10.5,25000,61.0
5,no promo,4.5,5.4,25000,63.0
5,yes promo,4.3,8.9,3000,47.0
4,yes promo,4.5,9.1,3000,49.0
3,yes promo,4.5,6.2,5000,52.0
5,yes promo,4.7,6.9,5000,53.0
3,yes promo,4.5,7.2,2500,51.0
4,yes promo,4.5,6.0,5000,57.0
5,yes promo,4.6,8.8,3000,47.0
5,yes promo,4.1,6.2,25000,58.0
4,yes promo,4.4,7.1,5000,62.0
2,yes promo,4.7,6.8,25000,50.0
5,yes promo,4.6,7.2,5000,52.0
2,no promo,4.5,9.5,25000,53.0
3,yes promo,4.0,6.0,5000,50.0
4,no promo,3.9,5.8,25000,49.0
2,yes promo,4.4,8.1,5000,49.0
4,yes promo,4.1,9.3,5000,48.0
4,yes promo,4.5,8.1,5000,37.0
5,yes promo,4.5,12.1,5000,49.0
4,yes promo,4.5,5.4,5000,54.0
4,yes promo,4.5,7.8,5000,52.0
4,yes promo,4.8,4.8,2500,50.0
5,yes promo,4.0,5.6,5000,52.0
3,yes promo,4.4,5.7,2500,49.0
3,yes promo,4.2,5.3,5000,44.0
3,yes promo,4.4,8.4,5000,43.0
4,yes promo,4.5,6.0,5000,45.0
5,yes promo,4.1,6.8,5000,50.0
2,yes promo,4.5,17.9,5000,56.0
5,yes promo,4.6,4.5,2500,27.0
5,yes promo,4.0,5.7,5000,40.0
2,yes promo,4.3,5.7,5000,53.0
3,yes promo,4.6,18.3,5000,50.0
2,yes promo,3.9,4.3,5000,45.0
5,yes promo,4.6,8.1,5000,53.0
5,yes promo,4.4,7.7,5000,52.0
5,yes promo,4.7,7.5,5000,54.0
2,yes promo,4.4,8.0,5000,41.0
5,no promo,4.0,6.5,25000,57.0
5,yes promo,4.5,7.6,5000,40.0
5,yes promo,4.9,8.3,5000,46.0
5,yes promo,4.4,8.1,5000,53.0
2,yes promo,3.9,6.2,5000,51.0
2,yes promo,4.6,7.1,5000,44.0
3,yes promo,4.4,6.9,2500,45.0
4,yes promo,4.5,16.4,5000,61.0
3,yes promo,4.4,16.4,5000,54.0
3,yes promo,4.4,4.8,5000,33.0
2,no promo,4.6,24.9,25000,72.0
4,yes promo,4.5,7.1,5000,54.0
3,yes promo,4.7,3.3,2500,50.0
2,yes promo,4.6,4.8,5000,43.0
4,yes promo,4.0,7.0,5000,42.0
4,yes promo,4.6,8.4,5000,52.0
4,yes promo,4.3,22.3,5000,44.0
5,yes promo,4.4,5.3,2500,42.0
1,yes promo,4.6,4.2,5000,45.0
2,yes promo,4.8,4.9,5000,40.0
5,yes promo,4.5,24.9,25000,146.0
2,yes promo,4.6,9.1,5000,51.0
3,yes promo,4.5,17.9,5000,48.0
5,yes promo,4.5,4.8,5000,45.0
2,yes promo,4.1,8.5,5000,59.0
2,yes promo,4.2,7.7,5000,43.0
2,yes promo,4.6,18.6,5000,49.0
4,yes promo,4.3,3.3,2500,47.0
4,yes promo,3.9,4.6,2500,53.0
3,yes promo,4.4,16.6,5000,48.0
2,yes promo,4.5,4.7,5000,42.0
5,yes promo,4.2,4.8,5000,42.0
5,yes promo,4.6,6.8,5000,45.0
5,yes promo,4.5,16.7,5000,53.0
4,yes promo,4.2,3.3,2500,46.0
4,yes promo,4.4,3.3,2500,51.0
5,no promo,4.2,3.3,2500,50.0
4,yes promo,4.4,7.0,5000,50.0
5,yes promo,4.4,7.0,5000,52.0
4,yes promo,4.2,3.3,2500,47.0
3,yes promo,4.4,6.9,5000,47.0
4,yes promo,3.9,5.8,5000,34.0
5,yes promo,4.2,3.9,5000,43.0
3,no promo,4.4,17.1,5000,51.0
4,yes promo,4.5,6.5,5000,35.0
1,yes promo,4.3,4.2,2500,37.0
3,yes promo,4.0,3.3,2500,48.0
4,yes promo,4.4,5.4,5000,43.0
5,yes promo,4.4,6.7,5000,36.0
5,yes promo,4.5,4.7,5000,41.0
3,yes promo,4.4,18.8,5000,41.0
2,yes promo,4.4,16.9,5000,37.0
3,no promo,4.2,18.8,5000,41.0
5,no promo,3.8,4.09,2500,38.0
5,yes promo,4.2,6.3,3000,34.0
2,yes promo,4.4,4.2,2500,27.0
5,yes promo,4.5,4.4,5000,38.0
2,yes promo,4.5,7.6,5000,37.0
5,yes promo,4.5,7.0,5000,28.0
5,yes promo,3.8,12.2,5000,29.0
4,yes promo,4.4,4.2,3000,23.0
4,yes promo,4.2,4.4,3000,37.0
5,yes promo,4.6,4.4,3000,43.0
3,no promo,4.4,5.8,5000,45.0
3,yes promo,4.3,4.2,2500,35.0
3,no promo,4.4,4.4,3000,41.0
4,yes promo,4.0,4.5,2500,39.0
4,yes promo,4.4,7.0,3000,37.0
2,no promo,4.8,4.8,3000,45.0
4,yes promo,3.8,4.4,2500,38.0
1,no promo,4.4,4.6,3000,39.0
3,yes promo,4.2,20.4,5000,51.0
5,no promo,4.4,3.3,2500,52.0
3,yes promo,4.5,4.1,5000,38.0
5,no promo,3.8,4.5,2500,42.0
1,yes promo,4.6,4.5,2500,49.0
3,yes promo,4.6,4.5,2800,45.0
5,yes promo,4.4,7.1,2500,43.0
3,yes promo,4.4,4.7,2500,44.0
5,yes promo,4.2,4.7,2500,38.0
3,yes promo,4.0,6.6,3000,39.0
2,yes promo,4.6,4.3,5000,44.0
5,yes promo,4.2,16.5,5000,36.0
4,yes promo,4.3,4.3,5000,43.0
5,yes promo,4.5,4.2,4971,37.0
4,yes promo,4.4,5.7,2000,25.0
5,yes promo,4.3,4.1,2500,32.0
3,no promo,3.7,4.09,2500,35.0
2,yes promo,4.5,4.2,4842,36.0
5,no promo,3.9,4.5,2500,37.0
3,yes promo,4.4,4.4,5000,37.0
5,yes promo,4.6,5.7,5000,37.0
4,yes promo,4.4,4.2,4842,37.0
4,yes promo,4.4,7.1,5000,48.0
3,yes promo,4.0,5.7,5000,36.0
4,yes promo,4.3,6.2,2800,27.0
4,yes promo,4.4,5.6,4993,22.0
4,yes promo,4.4,5.5,4993,32.0
1,no promo,4.1,4.0,25000,35.0
5,yes promo,4.7,4.5,5000,36.0
1,yes promo,4.7,4.5,3000,39.0
2,yes promo,4.6,6.3,5000,42.0
2,yes promo,4.0,4.3,5000,43.0
1,yes promo,4.5,4.3,5000,46.0
3,no promo,4.2,12.6,25000,39.0
5,yes promo,4.1,4.3,25000,43.0
5,yes promo,4.4,6.7,5000,46.0
5,yes promo,3.9,4.3,5000,37.0
5,no promo,4.3,4.5,2500,37.0
4,no promo,4.3,7.2,25000,50.0
5,no promo,4.7,4.4,25000,42.0
3,yes promo,4.6,5.4,5000,33.0
4,yes promo,4.3,4.2,2500,37.0
3,no promo,2.9,4.09,2500,37.0
5,yes promo,4.6,4.6,5000,43.0
3,yes promo,4.4,6.0,3000,41.0
3,no promo,4.8,4.3,3000,39.0
5,yes promo,4.5,4.0,5000,46.0
4,yes promo,4.4,3.9,4995,26.0
3,yes promo,4.1,4.0,2500,37.0
3,yes promo,4.0,5.7,5000,39.0
5,yes promo,4.5,4.3,5000,43.0
3,yes promo,4.4,4.3,2500,41.0
1,no promo,4.2,4.3,5000,43.0
5,yes promo,4.2,4.09,2500,43.0
4,yes promo,4.4,4.0,5000,32.0
5,yes promo,4.5,4.2,5000,34.0
3,yes promo,4.3,4.1,2500,33.0
4,yes promo,4.5,4.0,5000,33.0
1,yes promo,3.7,4.09,2500,37.0
2,yes promo,4.6,6.0,5000,36.0
2,yes promo,4.2,4.5,5000,33.0
4,no promo,4.2,4.2,2500,36.0
1,yes promo,4.6,7.1,5000,29.0
1,yes promo,4.1,4.1,5000,34.0
5,no promo,4.3,4.09,2500,34.0
5,yes promo,4.0,4.0,5000,32.0
5,yes promo,4.5,4.5,5000,45.0
3,no promo,4.5,4.1,5000,34.0
2,yes promo,4.6,4.7,5000,37.0
2,no promo,4.0,4.2,5000,37.0
3,yes promo,4.5,4.2,2800,38.0
2,no promo,3.9,4.5,5000,36.0
4,yes promo,4.5,4.09,2500,41.0
4,no promo,4.3,6.0,2000,28.0
5,yes promo,4.4,4.5,5000,41.0
3,yes promo,4.3,4.5,5000,35.0
4,yes promo,4.5,4.5,5000,39.0
3,yes promo,3.7,4.7,5000,41.0
4,yes promo,4.3,3.9,5000,19.0
3,yes promo,4.4,4.4,2500,36.0
2,no promo,4.5,4.4,25000,23.0
4,yes promo,4.3,4.09,2500,38.0
5,yes promo,4.4,4.5,5000,35.0
2,no promo,4.5,12.6,5000,49.0
3,yes promo,4.2,4.2,5000,33.0
4,yes promo,4.6,4.1,5000,36.0
2,yes promo,4.3,4.5,5000,40.0
4,yes promo,4.4,4.1,5000,40.0
3,yes promo,3.8,3.9,5000,23.0
4,yes promo,4.5,19.1,5000,38.0
4,yes promo,4.3,13.9,5000,34.0
3,yes promo,4.2,4.09,2500,43.0
5,yes promo,4.1,5.4,5000,35.0
5,no promo,3.7,4.09,2500,37.0
3,yes promo,4.4,4.0,5000,34.0
5,yes promo,4.3,4.5,2500,33.0
3,no promo,4.5,5.7,5000,45.0
3,no promo,3.9,4.4,5000,41.0
4,yes promo,4.6,5.0,5000,41.0
1,yes promo,4.5,5.5,5000,36.0
2,yes promo,4.4,5.0,5000,33.0
4,yes promo,4.5,4.7,5000,39.0
3,yes promo,4.3,3.8,2500,34.0
1,yes promo,3.7,4.09,2500,38.0
2,yes promo,4.1,5.9,5000,35.0
4,yes promo,4.1,4.09,2500,44.0
4,yes promo,4.4,4.09,2500,32.0
4,no promo,4.3,21.2,5000,31.0
5,yes promo,4.6,18.1,5000,45.0
3,yes promo,4.5,4.5,2500,49.0
4,no promo,4.4,4.3,25000,38.0
2,yes promo,4.7,4.7,5000,37.0
5,yes promo,3.8,16.0,5000,23.0
2,yes promo,4.7,6.6,5000,48.0
3,yes promo,4.3,17.7,5000,35.0
3,yes promo,4.6,5.4,2800,37.0
4,yes promo,3.7,6.8,2500,38.0
5,yes promo,4.4,4.6,5000,36.0
3,yes promo,4.6,8.2,5000,34.0
4,yes promo,4.2,4.09,2500,35.0
4,yes promo,4.6,5.6,5000,36.0
4,yes promo,4.5,4.7,2500,43.0
5,no promo,4.6,3.9,25000,23.0
5,yes promo,4.0,4.09,2500,39.0
5,yes promo,4.1,6.4,5000,51.0
4,yes promo,4.3,17.1,5000,34.0
5,yes promo,4.2,17.7,5000,38.0
3,yes promo,4.4,5.2,5000,44.0
2,yes promo,4.5,4.5,5000,39.0
4,yes promo,4.4,3.3,2500,41.0
4,no promo,4.5,3.9,5000,36.0
3,yes promo,4.2,4.2,5000,46.0
4,yes promo,4.3,6.6,5000,49.0
4,no promo,4.3,6.5,2500,36.0
5,yes promo,4.2,5.8,5000,44.0
5,yes promo,4.2,6.3,2500,47.0
2,no promo,4.6,4.5,5000,33.0
1,no promo,3.9,8.0,2500,34.0
2,yes promo,4.2,6.6,5000,48.0
2,yes promo,4.6,6.5,2500,50.0
4,yes promo,4.2,3.3,2500,41.0
4,yes promo,4.3,6.8,5000,36.0
3,yes promo,4.3,18.4,5000,46.0
5,no promo,4.2,17.3,5000,39.0
2,yes promo,4.7,4.7,5000,36.0
5,yes promo,4.7,19.9,25000,49.0
3,yes promo,4.1,15.1,25000,59.0
3,no promo,4.4,24.9,24997,73.0
5,yes promo,4.5,17.6,5000,42.0
3,no promo,4.3,24.9,24997,68.0
3,yes promo,4.5,24.9,24997,65.0
3,no promo,4.6,19.7,25000,46.0
2,yes promo,4.6,7.5,5000,43.0
3,yes promo,4.2,21.4,5000,32.0
2,no promo,4.6,6.4,5000,38.0
4,yes promo,4.5,6.5,5000,32.0
3,yes promo,4.6,4.7,5000,40.0
3,yes promo,4.2,5.5,5000,43.0
3,yes promo,4.5,6.2,2800,37.0
5,no promo,4.5,24.9,25000,62.0
4,no promo,4.3,24.9,24997,69.0
3,no promo,4.7,6.5,5000,35.0
3,yes promo,3.9,4.0,5000,38.0
4,yes promo,4.5,4.7,5000,43.0
3,no promo,4.5,17.7,5000,51.0
4,yes promo,4.5,3.4,5000,31.0
4,yes promo,4.4,2.9,5000,33.0
2,yes promo,4.6,4.2,5000,41.0
5,yes promo,4.4,17.1,5000,38.0
4,yes promo,4.6,6.9,5000,35.0
3,no promo,3.3,3.3,2500,44.0
5,yes promo,3.7,3.3,2500,39.0
3,no promo,4.3,12.2,5000,47.0
5,yes promo,4.6,4.5,5000,50.0
4,yes promo,4.5,4.9,5000,36.0
4,no promo,4.7,15.1,5000,35.0
2,no promo,4.7,4.8,5000,37.0
3,yes promo,4.0,3.2,4999,24.0
5,yes promo,4.3,9.8,4791,47.0
5,yes promo,4.5,3.3,3000,37.0
3,yes promo,3.8,6.8,5000,51.0
4,yes promo,4.5,6.4,5000,49.0
3,yes promo,4.7,9.5,5000,47.0
1,yes promo,4.5,4.3,5000,24.0
3,yes promo,4.3,4.6,5000,37.0
5,yes promo,4.5,4.5,4999,35.0
2,yes promo,4.5,17.3,5000,38.0
5,yes promo,4.6,18.8,5000,23.0
4,yes promo,4.2,4.3,2800,23.0
5,yes promo,3.9,11.6,4999,26.0
5,yes promo,4.3,4.3,2500,30.0
3,yes promo,4.5,4.2,5000,27.0
4,no promo,4.2,4.4,2500,27.0
3,no promo,4.4,15.6,5000,30.0
2,yes promo,4.3,18.5,25000,52.0
3,yes promo,4.5,10.2,5000,43.0
2,no promo,3.9,24.8,24999,95.0
3,no promo,4.4,2.2,2500,28.0
5,yes promo,4.4,3.9,4999,27.0
4,no promo,4.4,24.9,24999,96.0
3,no promo,4.5,18.5,5000,36.0
3,no promo,4.8,15.3,5000,30.0
3,yes promo,4.0,6.7,5000,39.0
4,yes promo,4.3,2.0,4999,20.0
3,yes promo,4.1,10.5,5000,47.0
5,no promo,4.2,5.0,4999,35.0
5,yes promo,4.0,4.5,2500,44.0
5,no promo,4.3,3.3,2500,37.0
2,yes promo,4.6,19.8,5000,41.0
3,yes promo,4.7,8.3,4999,41.0
4,yes promo,4.4,3.9,2000,30.0
4,yes promo,4.2,4.3,2500,40.0
3,yes promo,4.4,2.5,2500,25.0
3,yes promo,4.1,10.1,4999,23.0
3,yes promo,4.5,5.3,4999,38.0
5,yes promo,4.6,4.5,2500,40.0
3,yes promo,4.1,12.2,4999,38.0
4,yes promo,4.4,5.5,2000,27.0
3,yes promo,4.3,4.5,2500,39.0
5,yes promo,4.4,5.2,4999,30.0
3,yes promo,4.5,3.8,4999,37.0
5,no promo,4.5,5.3,5000,28.0
3,yes promo,4.4,11.5,4999,24.0
4,yes promo,4.2,6.8,4999,36.0
5,yes promo,4.2,3.3,2500,40.0
3,yes promo,3.7,4.0,24999,38.0
4,yes promo,4.4,4.1,4999,42.0
5,no promo,4.2,3.3,2500,45.0
3,yes promo,4.0,17.4,5000,27.0
4,yes promo,4.1,4.0,5000,24.0
2,yes promo,4.6,5.2,4999,40.0
2,yes promo,4.5,6.9,5000,28.0
3,yes promo,4.5,6.1,2799,44.0
4,yes promo,4.5,9.1,5000,29.0
2,yes promo,4.2,5.0,4999,25.0
5,yes promo,4.5,10.3,4999,35.0
2,yes promo,4.1,10.4,4999,37.0
2,yes promo,4.6,2.6,4999,35.0
4,yes promo,4.3,5.8,4999,25.0
4,yes promo,4.4,3.8,2000,29.0
4,yes promo,4.2,4.6,4999,40.0
2,no promo,4.6,18.9,5000,34.0
5,yes promo,4.5,4.4,5000,36.0
3,yes promo,4.2,3.3,2500,38.0
2,yes promo,5.0,3.3,2500,38.0
3,yes promo,4.7,4.6,5000,38.0
5,yes promo,4.1,5.0,5000,44.0
3,yes promo,4.7,12.7,4999,33.0
3,yes promo,4.6,13.6,4999,36.0
2,yes promo,4.5,5.8,5000,32.0
2,yes promo,4.5,17.5,5000,46.0
5,no promo,4.0,14.5,5000,21.0
4,yes promo,4.3,6.2,5000,22.0
4,no promo,4.3,4.9,2500,26.0
5,yes promo,4.7,16.9,5000,45.0
3,yes promo,4.3,5.0,5000,23.0
4,yes promo,4.2,10.2,4999,44.0
3,yes promo,4.0,3.3,2500,46.0
3,yes promo,4.8,9.6,5000,35.0
5,yes promo,4.4,4.1,4999,34.0
5,no promo,3.8,3.3,2500,44.0
3,yes promo,2.7,3.3,2500,43.0
5,yes promo,4.0,3.3,2500,43.0
4,yes promo,4.4,3.3,3000,28.0
5,yes promo,4.4,3.4,5000,18.0
3,yes promo,4.1,3.9,5000,35.0
4,yes promo,4.0,3.3,2500,28.0
4,yes promo,4.2,5.0,2500,44.0
5,yes promo,4.2,3.3,2500,23.0
2,yes promo,4.6,7.1,5000,34.0
4,yes promo,4.4,16.5,5000,35.0
3,yes promo,4.2,3.3,2500,40.0
3,yes promo,4.3,3.3,2500,42.0
3,yes promo,4.5,4.8,5000,36.0
3,yes promo,4.3,4.5,5000,31.0
2,yes promo,4.4,8.7,2500,35.0
5,yes promo,4.3,2.8,5000,22.0
4,yes promo,4.5,6.1,5000,33.0
4,yes promo,4.5,3.3,2500,29.0
5,yes promo,4.6,3.2,2500,24.0
3,yes promo,4.3,21.4,5000,36.0
4,yes promo,4.9,17.7,5000,33.0
4,yes promo,4.4,8.1,5000,29.0
3,yes promo,4.1,4.6,5000,35.0
2,yes promo,4.6,6.0,5000,39.0
4,yes promo,4.2,3.0,2500,17.0
4,yes promo,4.4,5.0,2000,21.0
2,yes promo,4.7,4.7,4999,30.0
4,yes promo,4.6,3.2,3000,24.0
5,yes promo,4.0,17.4,5000,22.0
3,yes promo,4.4,5.3,5000,41.0
4,yes promo,4.5,4.7,5000,41.0
5,yes promo,3.8,3.2,5000,20.0
2,yes promo,4.3,6.1,4999,28.0
1,yes promo,4.3,4.6,4999,27.0
5,yes promo,4.6,16.8,5000,41.0
4,yes promo,4.4,8.2,2000,33.0
4,yes promo,4.4,4.3,5000,37.0
5,no promo,4.2,3.3,2500,22.0
2,yes promo,4.9,3.3,2500,40.0
3,no promo,4.1,15.6,5000,30.0
4,yes promo,4.0,3.3,5000,25.0
3,yes promo,4.2,15.2,5000,25.0
3,yes promo,4.1,4.9,5000,41.0
4,yes promo,4.5,5.2,5000,30.0
2,yes promo,4.5,17.4,4999,32.0
2,no promo,4.1,18.0,2500,39.0
4,yes promo,4.6,19.2,5000,30.0
4,yes promo,4.5,17.0,5000,33.0
3,yes promo,4.4,3.3,2500,40.0
3,no promo,4.2,4.5,3000,26.0
4,yes promo,4.5,19.1,5000,32.0
4,yes promo,4.3,3.8,5000,25.0
4,yes promo,4.6,3.5,3000,27.0
5,yes promo,4.1,4.09,2500,25.0
2,yes promo,4.2,16.7,5000,33.0
5,yes promo,4.1,3.4,3000,35.0
4,yes promo,4.3,3.3,3000,22.0
4,no promo,4.6,3.4,3000,31.0
3,yes promo,4.2,4.8,5000,24.0
2,no promo,4.6,3.5,3000,32.0
3,yes promo,4.1,15.2,5000,19.0
3,yes promo,3.9,4.9,5000,29.0
3,yes promo,3.8,16.5,5000,35.0
2,yes promo,4.3,3.5,3000,27.0
2,yes promo,4.7,16.8,5000,31.0
4,yes promo,4.5,4.9,4999,24.0
3,yes promo,4.3,4.9,4999,26.0
3,yes promo,4.5,16.1,4999,27.0
4,yes promo,4.7,3.5,3000,27.0
4,yes promo,4.1,3.3,2500,30.0
3,yes promo,4.0,3.3,3000,36.0
5,yes promo,4.2,4.09,2500,28.0
4,yes promo,4.6,13.7,4999,30.0
3,yes promo,4.4,3.3,2500,31.0
2,no promo,4.1,3.5,3000,31.0
5,yes promo,3.8,22.9,5000,39.0
5,yes promo,4.2,21.6,5000,25.0
1,yes promo,4.9,5.8,3000,35.0
5,yes promo,4.8,10.5,5000,25.0
3,no promo,4.6,3.4,3000,32.0
4,yes promo,4.1,4.09,2500,26.0
3,no promo,4.7,3.5,3000,26.0
5,no promo,3.7,4.5,2500,30.0
5,yes promo,4.6,10.2,5000,24.0
3,yes promo,4.0,3.3,3000,24.0
5,yes promo,4.1,6.0,5000,25.0
1,yes promo,4.4,14.5,4999,30.0
2,yes promo,4.9,22.9,5000,34.0
3,no promo,4.1,3.4,3000,35.0
4,yes promo,4.1,3.3,2500,35.0
2,yes promo,4.4,9.8,5000,30.0
2,yes promo,4.3,7.3,5000,31.0
1,yes promo,3.9,7.0,5000,18.0
5,yes promo,3.8,4.09,2500,26.0
2,yes promo,4.7,7.9,4999,30.0
5,yes promo,4.5,17.8,5000,29.0
3,no promo,4.1,18.5,5000,36.0
4,yes promo,4.2,4.6,5000,24.0
1,no promo,4.4,11.3,4577,27.0
4,yes promo,4.4,3.3,5000,19.0
5,no promo,4.2,3.4,25000,27.0
3,no promo,4.0,4.5,2500,23.0
2,yes promo,4.4,13.1,4999,34.0
5,yes promo,4.3,4.09,2500,23.0
5,yes promo,4.5,3.5,2493,29.0
5,yes promo,3.8,17.1,5000,26.0
5,yes promo,4.3,3.3,2500,22.0
4,no promo,4.1,3.0,2493,25.0
4,yes promo,4.6,3.5,5000,20.0
4,yes promo,4.4,17.8,5000,24.0
4,yes promo,4.1,3.3,3000,27.0
3,yes promo,4.3,6.1,4999,29.0
1,yes promo,4.6,15.2,4999,32.0
4,yes promo,4.5,5.5,5000,29.0
3,yes promo,4.2,18.0,5000,33.0
5,yes promo,4.6,13.4,4999,32.0
4,yes promo,4.2,3.3,2500,34.0
2,no promo,4.3,3.5,2750,31.0
3,no promo,4.3,5.0,5000,31.0
3,yes promo,4.1,3.4,2493,25.0
4,yes promo,4.4,18.0,5000,22.0
5,yes promo,4.2,3.3,2500,24.0
4,yes promo,4.4,5.4,5000,27.0
4,no promo,4.6,3.2,25000,37.0
4,yes promo,4.5,19.0,5000,20.0
4,yes promo,4.5,21.7,5000,24.0
5,yes promo,4.0,18.7,5000,29.0
5,yes promo,4.1,18.8,5000,34.0
4,yes promo,4.3,10.0,5000,32.0
5,no promo,4.5,3.3,4999,24.0
4,yes promo,4.4,10.2,5000,23.0
2,no promo,4.7,14.0,5000,29.0
5,yes promo,4.6,15.0,5000,32.0
4,yes promo,4.3,3.3,2500,31.0
5,no promo,4.4,3.3,2500,29.0
3,yes promo,4.7,15.8,5000,28.0
3,yes promo,4.4,13.6,4998,24.0
2,yes promo,4.2,13.3,4999,29.0
4,yes promo,4.5,14.7,5000,31.0
3,yes promo,3.9,15.2,5000,26.0
5,yes promo,4.4,3.3,2500,29.0
4,yes promo,4.3,5.0,4999,21.0
5,yes promo,4.6,4.4,2279,31.0
5,yes promo,3.7,12.2,4999,25.0
5,no promo,4.0,3.3,2500,30.0
2,yes promo,4.5,15.7,4999,28.0
5,no promo,4.8,4.2,25000,36.0
4,yes promo,4.5,17.9,2800,31.0
2,yes promo,4.7,19.7,5000,36.0
3,yes promo,4.1,11.3,4999,29.0
5,yes promo,4.4,3.3,2500,20.0
4,yes promo,4.4,9.8,4999,28.0
5,yes promo,4.0,4.09,2500,30.0
4,yes promo,4.4,12.6,4999,29.0
3,yes promo,4.4,9.8,4999,33.0
4,yes promo,4.3,8.8,2000,28.0
5,yes promo,4.2,13.2,4999,28.0
4,yes promo,4.4,3.9,3000,20.0
4,yes promo,4.5,19.8,5000,22.0
5,yes promo,4.1,3.3,2500,22.0
4,yes promo,3.6,17.3,5000,36.0
3,yes promo,4.4,8.1,5000,25.0
4,yes promo,4.4,16.3,5000,32.0
2,yes promo,4.5,5.7,5000,23.0
4,yes promo,4.4,5.2,5000,21.0
5,yes promo,4.5,13.9,4999,23.0
4,no promo,4.1,12.6,25000,26.0
3,yes promo,3.8,12.7,4999,31.0
2,yes promo,4.4,14.8,4999,28.0
3,no promo,4.0,14.6,4999,31.0
4,yes promo,4.6,11.0,4999,30.0
2,yes promo,4.5,12.4,4999,29.0
5,no promo,4.3,16.1,4999,29.0
5,yes promo,4.4,19.6,5000,25.0
5,yes promo,4.5,3.7,5000,16.0
2,yes promo,4.7,16.2,5000,29.0
4,yes promo,4.5,15.7,5000,31.0
4,yes promo,4.4,13.4,5000,26.0
1,no promo,4.0,3.3,2500,30.0
2,yes promo,4.1,4.2,5000,25.0
3,yes promo,3.7,9.8,4999,28.0
3,yes promo,4.3,16.2,5000,32.0
3,no promo,4.6,16.3,5000,21.0
3,yes promo,4.7,16.3,5000,21.0
5,yes promo,4.4,3.3,2500,28.0
4,yes promo,4.6,18.6,5000,22.0
3,yes promo,4.4,16.6,5000,33.0
3,yes promo,4.5,3.3,2500,32.0
3,yes promo,4.5,3.3,2500,32.0
4,yes promo,4.5,16.0,5000,32.0
4,yes promo,4.1,3.3,2500,31.0
3,yes promo,4.6,16.1,5000,33.0
2,yes promo,4.1,15.9,5000,30.0
1,yes promo,3.9,16.2,5000,33.0
2,yes promo,4.6,16.9,5000,35.0
3,yes promo,4.6,16.5,4791,34.0
2,yes promo,3.8,3.3,2500,31.0
5,yes promo,4.3,17.2,5000,28.0
3,yes promo,4.2,17.1,5000,29.0
5,no promo,4.3,3.3,2500,34.0
2,yes promo,4.6,19.6,5000,34.0
5,no promo,4.0,3.3,2500,33.0
2,yes promo,4.5,14.6,4999,30.0
4,yes promo,4.5,16.7,2800,34.0
4,yes promo,4.3,3.4,2000,15.0
5,yes promo,4.5,16.2,5000,22.0
4,yes promo,4.4,16.0,5000,25.0
3,yes promo,3.6,14.2,4999,36.0
5,yes promo,4.2,3.3,2500,24.0
3,yes promo,4.4,14.1,5000,32.0
5,no promo,4.3,18.3,5000,29.0
2,yes promo,4.3,16.8,5000,27.0
5,yes promo,4.5,15.4,5000,26.0
4,yes promo,4.6,15.5,5000,28.0
3,yes promo,4.5,17.7,5000,30.0
5,yes promo,3.9,9.8,4999,24.0
4,yes promo,4.6,18.0,5000,28.0
2,yes promo,4.2,17.7,5000,29.0
3,yes promo,3.2,16.4,5000,35.0
3,yes promo,4.7,16.0,5000,32.0
5,yes promo,4.6,17.4,5000,29.0
4,yes promo,4.5,16.7,5000,27.0
5,yes promo,4.4,16.5,5000,32.0
5,yes promo,4.2,16.8,5000,30.0
5,yes promo,4.5,17.0,5000,28.0
4,yes promo,4.0,3.3,3000,31.0
4,yes promo,4.5,3.3,2500,33.0
4,yes promo,4.4,17.1,5000,30.0
5,yes promo,4.3,17.0,5000,31.0
2,yes promo,4.6,19.4,5000,31.0
4,yes promo,4.2,16.9,5000,34.0
5,yes promo,4.2,3.3,2500,34.0
3,yes promo,4.5,19.3,5000,29.0
4,yes promo,4.2,3.3,2500,33.0
3,yes promo,4.5,3.0,5000,30.0
4,yes promo,4.4,12.2,5000,30.0
3,yes promo,4.0,15.3,5000,25.0
2,yes promo,3.9,3.3,2500,27.0
3,yes promo,4.6,18.2,5000,30.0
5,yes promo,4.3,5.2,5000,24.0
4,yes promo,4.1,3.9,5000,25.0
2,yes promo,4.6,14.0,5000,32.0
3,yes promo,4.2,17.3,5000,26.0
5,yes promo,4.2,3.3,3000,31.0
5,no promo,3.8,3.3,3000,100.0
4,yes promo,4.4,18.9,5000,30.0
5,yes promo,4.3,4.09,2500,28.0
3,yes promo,4.3,3.3,3000,29.0
5,yes promo,4.0,17.7,5000,23.0
2,yes promo,4.6,15.3,5000,26.0
5,yes promo,4.3,15.5,5000,22.0
3,yes promo,4.1,18.1,5000,29.0
3,no promo,4.1,3.3,2500,22.0
5,yes promo,4.4,14.8,5000,24.0
5,yes promo,4.6,3.3,2500,34.0
4,yes promo,4.3,18.2,5000,30.0
5,yes promo,4.5,17.0,5000,26.0
4,yes promo,4.2,3.3,3000,29.0
2,yes promo,4.1,19.9,5000,30.0
5,yes promo,4.0,15.8,5000,24.0
1,yes promo,4.8,15.5,5000,28.0
2,yes promo,4.1,16.5,5000,30.0
4,yes promo,4.1,5.0,5000,27.0
2,yes promo,4.7,16.5,5000,24.0
5,yes promo,4.0,14.6,5000,23.0
4,yes promo,4.5,16.0,5000,15.0
3,yes promo,4.4,3.3,2500,34.0
3,yes promo,4.6,14.6,5000,29.0
2,yes promo,4.1,15.1,5000,28.0
4,yes promo,4.5,14.7,5000,27.0
4,yes promo,4.4,16.2,5000,27.0
3,yes promo,4.2,18.1,5000,25.0
4,yes promo,4.3,3.3,2500,28.0
4,yes promo,4.7,13.7,5000,28.0
4,yes promo,4.4,17.2,2500,23.0
4,yes promo,4.4,12.8,5000,22.0
4,yes promo,4.4,16.1,5000,24.0
5,yes promo,4.2,3.3,3000,31.0
1,yes promo,4.4,17.6,5000,31.0
5,yes promo,4.1,15.0,5000,27.0
3,yes promo,4.7,15.9,5000,23.0
5,yes promo,4.3,15.9,5000,23.0
5,yes promo,4.5,3.3,2500,27.0
3,yes promo,4.2,15.6,5000,24.0
4,yes promo,4.2,3.3,3000,29.0
5,yes promo,4.4,18.0,5000,28.0
5,yes promo,4.5,14.4,5000,27.0
3,yes promo,4.5,3.0,5000,30.0
5,yes promo,4.6,15.7,5000,23.0
2,yes promo,4.0,3.3,3000,29.0
3,yes promo,2.9,3.3,3000,34.0
5,no promo,4.2,3.3,3000,30.0
5,no promo,4.0,3.3,3000,33.0
4,yes promo,4.6,16.3,5000,28.0
4,yes promo,4.7,17.4,5000,31.0
5,yes promo,4.2,3.3,3000,32.0
4,yes promo,4.0,3.3,2500,31.0
4,yes promo,4.2,17.4,5000,33.0
3,yes promo,4.5,17.4,5000,32.0
5,yes promo,4.6,16.5,5000,31.0
3,yes promo,4.5,15.7,25000,30.0
4,yes promo,4.2,3.3,3000,32.0
2,yes promo,4.6,17.2,5000,34.0
4,yes promo,4.2,3.3,3000,32.0
4,yes promo,3.7,16.0,5000,70.0
4,no promo,3.8,17.7,5000,36.0
3,yes promo,3.9,3.3,3000,33.0
4,yes promo,2.8,16.7,5000,34.0
4,yes promo,4.8,17.0,5000,28.0
4,yes promo,4.5,17.2,5000,26.0
2,yes promo,4.2,17.7,5000,37.0
2,yes promo,4.5,19.7,5000,35.0
4,yes promo,4.4,17.6,5000,34.0
5,yes promo,4.4,3.3,2500,26.0
4,no promo,4.2,16.7,5000,23.0
2,yes promo,4.4,17.4,5000,27.0
3,yes promo,4.2,17.2,5000,30.0
4,yes promo,4.2,5.1,5000,22.0
5,yes promo,4.2,16.5,5000,29.0
4,yes promo,4.5,17.7,5000,33.0
3,yes promo,4.3,4.5,5000,26.0
4,yes promo,4.2,3.3,2500,35.0
2,yes promo,4.4,17.4,5000,30.0
3,yes promo,4.1,17.7,5000,27.0
4,yes promo,4.5,15.2,5000,32.0
5,yes promo,4.2,18.7,5000,27.0
5,yes promo,3.9,19.2,5000,25.0
2,yes promo,4.6,20.3,5000,29.0
3,yes promo,4.6,3.3,2500,30.0
3,yes promo,4.6,14.8,5000,35.0
2,yes promo,4.4,17.2,5000,32.0
4,yes promo,3.9,3.3,2500,36.0
5,yes promo,4.4,3.3,2500,30.0
3,yes promo,4.8,17.0,5000,31.0
5,no promo,4.4,3.3,2500,29.0
4,yes promo,4.4,5.6,5000,21.0
2,yes promo,4.8,17.7,5000,28.0
3,yes promo,4.4,17.9,5000,30.0
5,yes promo,4.5,19.4,5000,24.0
5,no promo,4.2,3.3,2500,28.0
5,yes promo,4.4,3.3,2500,29.0
2,yes promo,4.1,19.2,5000,29.0
4,yes promo,4.4,13.8,5000,27.0
5,yes promo,4.4,18.0,5000,30.0
5,yes promo,4.0,17.2,5000,26.0
4,yes promo,4.6,17.7,5000,22.0
3,yes promo,4.5,3.3,2500,28.0
4,yes promo,4.6,17.7,5000,28.0
3,yes promo,4.4,4.6,5000,22.0
5,yes promo,4.4,3.3,3000,23.0
5,yes promo,4.2,17.7,5000,28.0
2,yes promo,4.6,16.7,5000,33.0
5,yes promo,3.9,19.0,5000,22.0
3,yes promo,3.9,16.7,5000,32.0
4,yes promo,4.4,14.3,5000,22.0
4,yes promo,4.5,3.3,3000,31.0
4,yes promo,4.4,16.3,5000,33.0
3,yes promo,4.5,19.9,5000,25.0
5,yes promo,4.3,18.2,5000,30.0
3,no promo,2.8,16.6,5000,32.0
3,yes promo,4.1,19.0,5000,25.0
5,yes promo,4.3,3.3,2500,28.0
5,yes promo,4.2,3.3,2500,32.0
5,yes promo,4.2,17.1,5000,28.0
2,yes promo,4.5,18.8,5000,28.0
3,yes promo,4.0,3.3,3000,28.0
1,yes promo,4.2,17.5,5000,30.0
3,yes promo,4.2,17.9,5000,29.0
2,yes promo,4.4,20.0,5000,28.0
2,yes promo,4.6,18.8,5000,25.0
2,yes promo,4.2,17.4,5000,33.0
5,yes promo,4.2,17.9,5000,30.0
5,yes promo,4.5,18.5,5000,29.0
2,yes promo,4.7,14.0,5000,27.0
3,yes promo,4.3,3.3,2500,29.0
3,yes promo,4.3,17.7,5000,33.0
5,yes promo,4.5,16.2,5000,20.0
4,yes promo,4.3,14.7,5000,27.0
4,yes promo,4.1,3.3,3000,26.0
4,yes promo,4.5,18.2,5000,25.0
2,yes promo,4.2,19.5,5000,28.0
4,yes promo,4.5,3.3,3000,23.0
4,yes promo,4.5,3.3,2500,29.0
3,yes promo,4.8,17.3,5000,24.0
3,yes promo,4.4,3.3,3000,24.0
2,yes promo,4.6,20.9,5000,26.0
4,yes promo,4.5,17.7,5000,29.0
3,yes promo,3.7,3.3,3000,29.0
1,no promo,3.9,3.3,3000,27.0
4,yes promo,4.4,18.6,5000,31.0
4,yes promo,4.2,18.1,5000,31.0
4,yes promo,4.4,3.3,3000,26.0
4,yes promo,4.4,17.7,5000,20.0
3,yes promo,4.2,4.4,5000,20.0
4,yes promo,4.5,17.3,5000,28.0
4,yes promo,3.8,3.3,3000,24.0
4,yes promo,3.9,3.3,3000,27.0
3,no promo,3.7,17.2,5000,33.0
4,yes promo,4.3,3.3,3000,26.0
5,yes promo,4.2,17.6,25000,31.0
3,yes promo,3.9,3.3,3000,27.0
5,yes promo,4.2,3.3,3000,33.0
5,yes promo,4.7,17.2,5000,33.0
5,no promo,3.7,3.3,3000,34.0
5,yes promo,4.4,16.5,5000,24.0
2,yes promo,4.0,17.1,5000,28.0
3,yes promo,4.3,16.4,5000,33.0
4,yes promo,4.5,16.9,5000,27.0
2,yes promo,4.4,3.3,3000,24.0
5,yes promo,4.5,18.5,5000,24.0
5,no promo,4.7,20.5,5000,39.0
3,yes promo,4.2,19.9,5000,33.0
4,yes promo,4.5,3.3,3000,34.0
3,yes promo,4.2,19.4,5000,35.0
3,yes promo,4.1,17.2,5000,32.0
4,yes promo,4.0,3.3,3000,33.0
2,yes promo,4.2,16.4,5000,33.0
4,yes promo,4.5,17.5,2800,33.0
4,no promo,4.6,16.8,5000,25.0
4,yes promo,4.3,8.1,5000,26.0
4,yes promo,4.1,6.8,5000,24.0
3,yes promo,3.8,17.1,5000,23.0
4,yes promo,4.5,20.7,5000,37.0
5,yes promo,4.1,20.6,5000,35.0
2,yes promo,4.7,16.3,5000,23.0
4,yes promo,4.4,18.8,2800,20.0
4,yes promo,4.3,6.7,5000,32.0
5,yes promo,4.2,3.3,2500,29.0
3,yes promo,3.9,18.5,5000,22.0
1,yes promo,4.3,21.2,5000,36.0
4,yes promo,4.3,19.8,5000,36.0
5,yes promo,4.6,20.4,5000,35.0
3,yes promo,4.3,20.1,5000,35.0
5,yes promo,4.2,3.3,3000,35.0
4,yes promo,4.3,4.2,5000,15.0
4,yes promo,4.1,3.3,3000,34.0
2,yes promo,4.7,17.7,5000,27.0
2,yes promo,4.6,20.5,5000,31.0
3,yes promo,4.4,18.3,5000,28.0
5,no promo,4.4,3.3,3000,32.0
4,yes promo,4.4,3.3,3000,28.0
4,yes promo,4.3,5.7,5000,24.0
2,yes promo,4.1,18.5,5000,28.0
3,yes promo,4.3,17.0,5000,28.0
2,no promo,4.6,19.9,5000,33.0
4,yes promo,4.4,3.3,3000,32.0
5,no promo,4.3,17.2,5000,33.0
4,yes promo,4.0,18.4,5000,32.0
3,yes promo,4.7,17.5,5000,29.0
4,yes promo,4.3,3.3,3000,33.0
5,yes promo,4.6,18.8,5000,32.0
5,yes promo,4.0,18.5,5000,29.0
3,no promo,3.9,18.8,5000,30.0
4,yes promo,4.3,3.3,3000,25.0
5,yes promo,4.6,18.8,5000,31.0
4,yes promo,4.9,20.8,5000,35.0
3,yes promo,4.6,18.7,5000,30.0
3,yes promo,4.4,3.3,3000,31.0
4,yes promo,4.3,3.3,3000,32.0
3,yes promo,4.5,18.5,5000,33.0
4,yes promo,4.3,18.6,5000,32.0
5,yes promo,4.2,20.7,5000,31.0
5,yes promo,4.5,19.0,5000,32.0
5,yes promo,4.3,3.3,3000,33.0
2,yes promo,4.6,19.3,5000,33.0
1,yes promo,4.2,18.9,5000,35.0
4,yes promo,4.5,19.8,5000,29.0
3,yes promo,4.7,18.8,5000,32.0
2,no promo,4.2,19.2,5000,37.0
2,yes promo,3.8,22.1,5000,33.0
2,yes promo,4.5,19.5,10000,32.0
5,no promo,4.2,3.3,3000,35.0
2,yes promo,4.2,22.3,5000,34.0
4,yes promo,4.4,18.8,5000,31.0
4,yes promo,4.9,18.8,5000,32.0
4,yes promo,4.1,24.9,5000,36.0
4,yes promo,4.4,17.2,5000,23.0
4,yes promo,4.0,18.6,5000,30.0
5,yes promo,4.0,20.2,5000,23.0
3,yes promo,4.1,21.0,5000,29.0
5,yes promo,4.5,17.5,5000,25.0
3,yes promo,4.3,10.3,5000,29.0
3,yes promo,4.1,20.1,5000,30.0
4,yes promo,4.3,5.0,5000,23.0
2,yes promo,4.7,22.8,5000,37.0
4,yes promo,4.1,20.5,5000,35.0
5,yes promo,4.3,3.3,3000,28.0
3,yes promo,4.5,3.3,3000,26.0
5,yes promo,4.6,22.3,5000,36.0
3,yes promo,4.5,18.3,5000,27.0
3,yes promo,4.4,3.3,3000,32.0
3,yes promo,4.5,20.5,5000,35.0
2,yes promo,4.5,18.3,5000,28.0
4,yes promo,4.4,22.1,5000,34.0
4,yes promo,4.3,3.3,3000,38.0
5,yes promo,4.3,21.1,5000,34.0
4,yes promo,4.2,3.3,3000,30.0
4,yes promo,4.3,3.3,3000,32.0
3,yes promo,4.4,19.3,5000,32.0
4,yes promo,4.4,20.4,5000,25.0
3,yes promo,4.4,22.1,5000,28.0
2,yes promo,4.1,3.3,3000,25.0
2,yes promo,4.1,19.2,5000,32.0
5,yes promo,4.1,3.3,3000,24.0
4,yes promo,4.3,3.3,3000,27.0
3,yes promo,4.1,3.3,3000,32.0
3,no promo,4.6,23.4,5000,44.0
3,yes promo,3.5,23.2,5000,32.0
4,yes promo,4.0,3.3,3000,29.0
4,yes promo,4.3,4.2,5000,21.0
3,yes promo,4.4,6.7,5000,30.0
5,yes promo,4.2,3.3,3000,25.0
2,no promo,4.0,3.3,3000,30.0
4,yes promo,4.3,21.7,5000,38.0
3,yes promo,4.6,24.9,5000,34.0
2,yes promo,4.6,24.5,5000,34.0
5,yes promo,4.2,19.8,5000,30.0
3,yes promo,4.4,20.8,5000,35.0
3,yes promo,4.2,18.8,5000,24.0
3,yes promo,4.3,24.7,5000,22.0
4,yes promo,4.4,22.4,5000,21.0
3,yes promo,4.1,17.8,5000,27.0
5,yes promo,4.2,3.3,3000,25.0
4,yes promo,4.2,3.3,3000,27.0
4,yes promo,4.6,20.0,5000,29.0
4,yes promo,4.4,6.8,5000,21.0
5,yes promo,4.4,19.9,5000,29.0
5,yes promo,4.4,3.3,3000,26.0
4,yes promo,4.4,3.4,5000,22.0
4,yes promo,4.3,11.7,5000,30.0
3,yes promo,4.2,3.7,5000,23.0
2,yes promo,4.6,19.6,5000,18.0
5,yes promo,4.8,3.3,3000,23.0
5,yes promo,4.4,3.3,3000,34.0
4,yes promo,4.5,20.8,5000,32.0
2,yes promo,4.7,21.8,5000,27.0
4,yes promo,4.1,3.3,3000,27.0
5,yes promo,4.6,20.6,5000,29.0
4,no promo,4.3,20.1,5000,25.0
4,yes promo,4.0,3.3,3000,32.0
3,yes promo,4.3,20.5,5000,36.0
2,yes promo,4.4,20.7,5000,25.0
5,yes promo,4.5,20.9,5000,26.0
4,yes promo,4.0,22.7,5000,36.0
3,yes promo,4.0,19.8,5000,29.0
4,yes promo,4.5,3.3,3000,29.0
3,yes promo,4.5,19.6,5000,21.0
4,yes promo,4.5,18.8,5000,29.0
2,no promo,4.7,18.7,5000,32.0
3,yes promo,4.0,20.3,5000,34.0
4,yes promo,4.4,3.3,3000,26.0
4,yes promo,4.3,3.9,5000,23.0
2,no promo,4.6,20.8,5000,33.0
4,yes promo,4.3,3.3,3000,34.0
4,yes promo,4.4,20.9,5000,27.0
2,yes promo,4.7,18.6,5000,31.0
5,yes promo,4.5,18.7,5000,28.0
1,yes promo,4.2,20.5,5000,26.0
4,yes promo,4.4,20.3,5000,31.0
5,yes promo,4.0,20.9,5000,29.0
4,yes promo,4.6,24.6,5000,27.0
4,no promo,4.4,3.3,3000,28.0
5,yes promo,4.3,3.3,3000,20.0
3,no promo,4.6,20.5,5000,29.0
5,yes promo,3.9,19.1,5000,17.0
4,yes promo,4.3,3.3,3000,28.0
5,yes promo,4.1,20.5,5000,24.0
5,yes promo,3.8,19.7,5000,31.0
2,yes promo,4.3,20.9,5000,33.0
5,yes promo,4.4,3.3,3000,29.0
5,yes promo,4.7,19.9,5000,35.0
3,yes promo,4.0,3.3,3000,27.0
5,yes promo,4.4,20.4,5000,32.0
5,yes promo,4.0,24.2,5000,22.0
2,yes promo,4.7,19.9,5000,24.0
4,yes promo,4.4,4.2,2000,21.0
3,yes promo,4.3,22.8,5000,26.0
5,yes promo,4.2,20.9,5000,22.0
4,yes promo,4.4,3.3,3000,27.0
3,yes promo,4.2,3.3,3000,19.0
4,no promo,4.6,24.0,5000,28.0
4,yes promo,4.2,3.5,5000,16.0
3,yes promo,4.5,3.3,3000,22.0
2,no promo,4.7,17.8,5000,28.0
4,yes promo,4.4,2.9,2500,20.0
